timestamp,city,reg,pre
2026-10-06T12:21:04.715421-07:00,Chino Hills,5.899,6.249
2026-10-06T12:21:04.715421-07:00,Ontario Bus Ctr Ontario,5.899,6.359
2026-10-06T12:21:04.715421-07:00,Eastvale,5.999,6.499
2026-10-06T12:22:45.012249-07:00,Chino Hills,5.899,6.249
2026-10-06T12:22:45.012249-07:00,Ontario Bus Ctr Ontario,5.899,6.359
2026-10-06T12:22:45.012249-07:00,Eastvale,5.999,6.499
2026-10-06T12:35:04.859958-07:00,Chino Hills,5.899,6.249
2026-10-06T12:35:04.859958-07:00,Ontario Bus Ctr Ontario,5.899,6.359
2026-10-06T12:35:04.859958-07:00,Eastvale,5.999,6.499
2026-10-07T02:36:45.497930-07:00,Chino Hills,5.899,6.249
2026-10-07T02:36:45.497930-07:00,Ontario Bus Ctr Ontario,5.899,6.359
2026-10-07T02:36:45.497930-07:00,Eastvale,5.999,6.499
2026-10-07T13:19:55.247946-07:00,Chino Hills,5.899,6.249
2026-10-07T13:19:55.247946-07:00,Ontario Bus Ctr Ontario,5.859,6.259
2026-10-07T13:19:55.247946-07:00,Eastvale,5.959,6.499
2026-10-08T02:47:33.340057-07:00,Chino Hills,N/A,6.249
2026-10-08T02:47:33.340057-07:00,Ontario Bus Ctr Ontario,5.859,6.259
2026-10-08T02:47:33.340057-07:00,Eastvale,5.959,6.499
